24.500, 24.250
2444.000, 24.500, 24.250
2444.500, 24.500, 24.250
2445.000, 24.500, 24.250
2445.500, 24.500, 24.250
2446.000, 24.500, 24.250
2446.500, 24.500, 24.250
2447.000, 24.500, 24.250
2447.500, 24.500, 24.250
2448.000, 24.500, 24.250
2448.500, 24.500, 24.250
2449.000, 24.500, 24.250
2449.500, 24.500, 24.250
2450.000, 24.500, 24.250
2450.500, 24.500, 24.250
2451.000, 24.500, 24.250
2451.500, 24.500, 24.250
2452.000, 24.500, -0.250
2452.500, 24.500, 24.250
2453.000, 24.500, 24.250
2453.500, 24.750, 24.250
2454.000, 24.750, 24.000
2454.500, 24.750, 24.000
2455.000, 25.000, 23.750
2455.500, 25.000, 23.750
2456.000, 25.250, 23.500
2456.500, 25.250, 23.500
2457.000, 25.500, 23.500
2457.500, 25.750, 23.250
2458.000, 25.750, 23.250
2458.500, 26.000, 23.000
2459.000, 26.000, 23.000
2459.500, 26.250, 22.750
2460.000, 26.500, 22.750
2460.500, 26.500, 22.750
2461.000, 26.750, 22.500
2461.500, 26.750, 22.500
2462.000, 27.000, 22.500
2462.500, 27.000, 22.500
2463.000, 27.250, 22.250
2463.500, 27.250, 22.250
2464.000, 27.500, 22.250
2464.500, 27.500, 22.250
2465.000, 27.750, 22.000
2465.500, 27.750, 22.000
2466.000, 28.000, 22.000
2466.500, 28.000, 22.000
2467.000, 28.250, 22.000
2467.500, 28.250, 22.000
2468.000, 28.250, 22.000
2468.500, 28.500, 22.000
2469.000, 28.500, 22.000
2469.500, 28.750, 22.000
2470.000, 28.750, 22.000
2470.500, 29.000, 22.000
2471.000, 29.000, 21.750
2471.500, 29.000, 21.750
2472.000, 29.250, 21.750
2472.500, 29.250, 21.750
2473.000, 29.500, 22.000
2473.500, 29.500, 21.750
2474.000, 29.750, 22.000
2474.500, 29.750, 22.000
2475.000, 29.750, 22.000
2475.500, 30.000, 22.000
2476.000, 30.000, 22.000
2476.500, 30.000, 22.000
2477.000, 30.250, 22.000
2477.500, 30.250, 22.000
2478.000, 30.250, 22.000
2478.500, 30.500, 22.000
2479.000, 30.500, 22.000
2479.500, 30.750, 22.000
2480.000, 30.750, 22.000
2480.500, 30.750, 22.000
2481.000, 31.000, 22.000
2481.500, 31.000, 22.250
2482.000, 31.000, 22.250
2482.500, 31.250, 22.250
2483.000, 31.250, 22.250
2483.500, 31.500, 22.250
2484.000, 31.500, 22.250
2484.500, 31.500, 22.250
2485.000, 31.750, 22.250
2485.500, 31.750, 22.250
2486.000, 31.750, 22.500
2486.500, 32.000, 22.500
2487.000, 32.000, 22.500
2487.500, 32.000, 22.500
2488.000, 32.250, 22.500
2488.500, 32.250, 22.500
2489.000, 32.250, 22.500
2489.500, 32.500, 22.500
2490.000, 32.500, 22.750
2490.500, 32.750, 22.750
2491.000, 32.750, 22.750
2491.500, 32.750, 22.750
2492.000, 33.000, 22.750
2492.500, 33.000, 22.750
2493.000, 33.000, 23.000
2493.500, 33.250, 23.000
2494.000, 33.250, 23.000
2494.500, 33.250, 23.000
2495.000, 33.500, 23.000
2495.500, 33.500, 23.000
2496.000, 33.500, 23.250
2496.500, 33.750, 23.250
2497.000, 33.750, 23.250
2497.500, 33.750, 23.250
2498.000, 34.000, 23.250
2498.500, 34.000, 23.250
2499.000, 34.000, 23.250
2499.500, 34.250, 23.500
2500.000, 34.250, 23.500
2500.500, 34.250, 23.500
2501.000, 34.500, 23.500
2501.500, 34.500, 23.500
2502.000, 34.500, 23.750
2502.500, 34.750, 23.750
2503.000, 34.750, 23.750
2503.500, 34.750, 23.750
2504.000, 35.000, 23.750
2504.500, 35.000, 23.750
2505.000, 35.000, 24.000
2505.500, 35.250, 24.000
2506.000, 35.250, 24.000
2506.500, 35.250, 24.000
2507.000, 35.500, 24.000
2507.500, 35.500, 24.000
2508.000, 35.500, 24.250
2508.500, 35.750, 24.250
2509.000, 35.750, 24.250
2509.500, 35.750, 24.250
2510.000, 36.000, 24.250
2510.500, 36.000, 24.500
2511.000, 36.000, 24.500
2511.500, 36.250, 24.500
2512.000, 36.250, 24.500
2512.500, 36.250, 24.500
2513.000, 36.250, 24.500
2513.500, 36.500, 24.750
2514.000, 36.500, 24.750
2514.500, 36.500, 24.750
2515.000, 36.750, 24.750
2515.500, 36.750, 25.000
2516.000, 36.750, 25.000
2516.500, 37.000, 25.000
2517.000, 37.000, 25.000
2517.500, 37.000, 25.000
2518.000, 37.250, 25.000
2518.500, 37.250, 25.250
2519.000, 37.250, 25.250
2519.500, 37.500, 25.250
2520.000, 37.500, 25.250
2520.500, 37.500, 25.250
2521.000, 37.750, 25.500
2521.500, 37.750, 25.500
2522.000, 37.750, 25.500
2522.500, 38.000, 25.500
2523.000, 38.000, 25.500
2523.500, 38.000, 25.750
2524.000, 38.000, 25.750
2524.500, 38.250, 25.750
2525.000, 38.250, 25.750
2525.500, 38.250, 25.750
2526.000, 38.500, 26.000
2526.500, 38.500, 26.000
2527.000, 38.500, 26.000
2527.500, 38.750, 26.000
2528.000, 38.750, 26.000
2528.500, 38.750, 26.250
2529.000, 39.000, 26.250
2529.500, 39.000, 26.250
2530.000, 39.000, 26.250
2530.500, 39.000, 26.250
2531.000, 39.250, 26.500
2531.500, 39.250, 26.500
2532.000, 39.250, 26.500
2532.500, 39.500, 26.500
2533.000, 39.500, 26.500
2533.500, 39.500, 26.750
2534.000, 39.500, 26.750
2534.500, 39.750, 26.750
2535.000, 39.750, 27.000
2535.500, 39.750, 27.000
2536.000, 39.750, 27.250
2536.500, 39.500, 27.500
2537.000, 39.500, 27.500
2537.500, 39.500, 27.750
2538.000, 39.500, 28.000
2538.500, 39.500, 28.000
2539.000, 39.250, 28.250
2539.500, 39.250, 28.500
2540.000, 39.250, 28.500
2540.500, 39.250, 28.750
2541.000, 39.250, 28.750
2541.500, 39.000, 29.000
2542.000, 39.000, 29.250
2542.500, 39.000, 29.250
2543.000, 39.000, 29.500
2543.500, 38.750, 29.500
2544.000, 38.750, 29.750
2544.500, 38.750, 29.750
2545.000, 38.750, 30.000
2545.500, 38.750, 30.000
2546.000, 38.500, 30.250
2546.500, 38.500, 30.250
2547.000, 38.500, 30.500
2547.500, 38.250, 30.500
2548.000, 38.250, 30.500
2548.500, 