23.250, 23.500
23.250, 23.500
23.250, 23.500
23.250, 23.500
23.250, 23.500
23.250, 23.500
23.250, 23.500
23.250, 23.500
23.250, 23.500
23.250, 23.500
23.250, 23.500
23.250, 23.500
23.250, 23.500
23.250, 23.500
23.250, 23.500
23.250, 23.500
23.250, 23.500
23.250, 23.500
23.500, 23.500
23.500, 23.500
23.500, 23.500
23.500, 23.500
23.500, 23.500
23.750, 23.500
23.750, 23.500
23.750, 23.500
24.000, 23.750
24.000, 23.750
24.250, 24.000
24.250, 24.000
24.500, 24.000
24.500, 24.000
24.750, 24.250
24.750, 24.250
25.000, 24.250
25.000, 24.500
25.250, 24.500
25.250, 24.500
25.500, 24.750
25.500, 24.750
25.500, 24.750
25.750, 24.750
25.750, 25.000
25.750, 25.000
26.000, 25.000
26.250, 25.250
26.250, 25.250
26.500, 25.250
26.500, 25.500
26.500, 25.500
26.750, 25.500
26.750, 25.500
27.000, 25.500
27.000, 25.500
27.000, 25.500
27.000, 25.500
27.000, 25.500
27.250, 25.750
27.500, 25.750
28.000, 25.750
28.250, 25.500
28.250, 25.750
28.500, 25.750
28.500, 25.750
28.500, 25.500
28.750, 25.500
29.000, 25.500
29.250, 25.500
29.500, 25.500
29.500, 25.500
29.500, 25.500
29.500, 25.500
29.500, 25.500
29.500, 25.500
29.500, 25.500
29.500, 25.500
29.750, 25.500
29.750, 25.500
29.750, 25.500
29.750, 25.500
30.000, 25.500
30.000, 25.500
29.750, 25.500
30.000, 25.500
30.000, 25.500
30.250, 25.500
30.500, 25.500
30.500, 25.500
30.750, 25.750
31.000, 26.000
31.000, 26.250
31.000, 26.500
31.000, 26.500
31.000, 26.750
31.000, 27.250
31.000, 27.500
31.250, 27.750
31.250, 27.750
31.250, 27.750
31.250, 27.750
31.250, 28.250
31.500, 28.500
31.500, 28.750
31.500, 28.750
31.750, 29.000
31.750, 29.000
31.750, 29.250
31.750, 29.250
31.750, 29.500
31.750, 29.500
  No sensors found.

DS18B20 Temperature Logger
---------------------------
31.750, 29.750
31.750, 29.750
31.500, 29.750
31.250, 29.500
31.250, 29.250
31.000, 29.250
31.000, 29.000
30.750, 29.000
30.750, 29.250
30.750, 29.250
30.750, 29.500
30.750, 29.500
31.000, 29.750
31.000, 29.750
31.000, 29.750
31.000, 29.750
31.000, 29.750
31.000, 29.750
31.000, 29.750
31.000, 29.750
31.000, 29.750
30.750, 29.750
30.750, 29.750
30.750, 30.000
30.750, 30.000
30.750, 30.000
30.750, 30.000
30.750, 30.000
30.750, 30.000
DS18B20 Temperature Logger
---------------------------
30.500, 29.500
30.750, 29.500
31.000, 29.500
31.000, 29.250
31.000, 29.500
31.000, 29.250
30.750, 29.500
  No sensors found.

30.750, 29.500
30.750, 29.500
30.750, 29.750
30.750, 29.750
30.750, 30.000
30.750, 30.000
30.750, 30.250
30.750, 30.250
30.750, 30.250
30.750, 30.500
30.750, 30.500
30.750, 30.750
30.750, 30.750
-0.250
31.000, 30.750
31.000, 30.750
31.000, 31.000
31.000, 31.000
31.250, 31.000
31.250, 31.000
31.250, 31.000
31.250, 31.000
31.250, 31.000
31.500, 31.000
31.500, 30.750
31.500, 30.750
31.500, 30.750
31.500, -128.000
31.500, 30.750
31.250, 30.500
31.250, 30.500
31.250, 30.500
31.250, 30.500
31.250, 30.500
31.000, 30.250
31.000, 30.250
31.000, 30.250
31.000, 30.250
31.000, 30.250
31.000, 30.250
31.000, 30.250
31.000, 30.250
30.750, 30.000
30.750, 30.000
30.750, 30.000
30.750, 30.000
30.750, 30.250
30.750, 30.250
30.750, 30.250
30.750, 30.250
30.750, 30.250
30.750, 30.250
30.500, 30.250
30.500, 30.250
30.500, 30.250
30.500, 30.250
30.500, 30.250
30.500, 30.250
30.500, 30.250
30.500, 30.000
30.500, 30.000
30.250, 30.000
30.250, 30.000
30.250, 30.000
30.250, 30.000
30.250, 30.000
30.250, 29.750
30.250, 29.750
30.250, 29.750
30.250, 29.750
30.250, 29.750
30.250, 29.750
30.250, 29.750
30.250, 29.750
30.250, 29.750
30.250, 29.500
30.250, 29.750
30.250, 30.000
30.000, 30.000
30.000, 29.750
30.000, 29.750
30.000, 29.750
30.000, 29.750
30.000, 29.500
30.000, 29.500
30.000, 29.500
30.000, 29.500
30.000, 29.500
30.000, 29.500
30.000, 29.250
30.000, 29.250
30.000, 29.250
30.000, 29.250
30.000, 29.250
30.000, 29.250
30.000, 29.250
29.750, 29.250
29.750, 29.250
29.750, 29.250
29.750, 29.250
29.750, 29.250
29.750, 29.250
29.750, 29.250
29.750, 29.250
29.750, 29.250
29.750, 29.250
29.750, 29.250
29.750, 29.250
29.750, 29.250
29.750, 29.250
29.750, 29.500
29.750, 29.500
29.750, 29.500
29.750, 29.250
29.750, 29.250
29.750, 29.250
30.000, 29.250
30.000, 29.000
30.000, 29.000
30.000, 29.000
29.750, 29.000
29.750, 29.000
29.750, 29.000
29.750, 29.000
29.750, 29.000
29.750, 29.000
29.750, 29.000
29.750, 29.000
29.750, 29.000
29.750, 29.000
29.750, 29.000
29.750, 29.000
29.750, 29.000
29.750, 29.250
30.000, 29.250
30.000, 29.250
30.000, 29.250
30.000, 29.250
30.000, 29.250
30.000, 29.250
30.000, 29.000
30.000, 29.000
30.000, 29.000
30.000, 28.750
30.000, 28.750
30.000, 28.750
30.000, 28.750
30.000, 28.750
29.750, 29.000
29.750, 29.000
29.750, 29.000
29.500, 29.000
29.500, 29.000
29.500, 29.000
29.500, 29.000
29.500, 29.250
29.500, 29.250
29.500, 29.500
29.250, 29.750
29.000, 29.750
28.750, 30.000
28.500, 30.250
28.250, 30.500
27.750, 30.750
27.500, 31.000
27.000, 31.000
26.750, 31.250
26.500, 31.500
26.250, 31.750
26.250, 32.000
26.000, 32.000
25.750, 32.250
25.750, 32.500
25.500, 32.500
25.500, 32.750
25.250, 33.000
25.250, 33.000
25.250, 33.250
25.250, 33.500
25.000, 33.500
25.000, 33.750
25.000, 33.750
25.000, 34.000
25.000, 34.000
25.000, 34.250
25.000, 34.250
25.000, 34.500
25.000, 34.500
25.000, 34.750
25.000, 34.750
25.000, 34.750
25.000, 35.000
25.250, 35.000
25.250, 35.250
25.250, 35.250
25.250, 35.500
25.250, 35.500
25.250, 35.500
25.250, 35.750
25.500, 35.750
25.500, 35.750
25.500, 36.000
25.500, 36.000
25.500, 36.250
25.750, 36.250
25.750, 36.250
25.750, 36.250
25.750, 36.500
25.750, 36.500
26.000, 36.500
26.000, 36.750
26.000, 36.750
26.000, 36.750
26.000, 37.000
26.250, 37.000
26.250, 37.000
26.250, 37.250
26.250, 37.250
26.250, 37.250
26.500, 37.250
26.500, 37.500
26.500, 37.500
26.500, 37.500
26.750, 37.750
26.750, 37.750
26.750, 37.750
26.750, 37.750
26.750, 38.000
27.000, 38.000
27.000, 38.000
27.000, 38.000
27.000, 38.250
27.250, 38.250
27.250, 38.250
27.250, 38.250
27.250, 38.500
27.500, 38.500
27.500, 38.500
27.500, 38.750
27.500, 38.750
27.750, 38.750
27.750, 39.000
27.750, 39.000
27.750, 39.250
27.750, 39.250
28.000, 39.500
28.000, 39.500
28.000, 39.500
28.000, 39.750
28.000, 39.750
28.250, 39.750
28.250, 40.000
28.250, 40.000
28.250, 40.000
28.250, 40.250
28.500, 40.250
28.500, 40.500
28.500, 40.500
28.500, 40.500
28.750, 40.500
28.750, 40.500
28.750, 40.750
28.750, 40.750
29.000, 40.750
29.000, 41.000
29.000, 41.000
29.000, 41.000
29.250, 41.000
29.250, 41.000
29.250, 41.250
29.250, 41.250
29.250, 41.250
29.250, 41.250
29.500, 41.250
29.500, 41.250
29.500, 41.250
29.500, 41.250
29.750, 41.000
29.750, 41.000
29.750, 41.000
29.750, 41.000
29.750, 41.000
30.000, 41.000
30.000, 41.000
30.000, 40.750
30.000, 40.750
30.000, 40.750
30.250, 40.750
30.250, 40.500
30.250, 40.500
30.250, 40.500
30.250, 40.500
30.250, 40.500
30.500, 40.500
30.500, 40.500
30.500, 40.250
30.500, 40.500
30.500, 41.000
30.750, 41.000
30.750, 41.250
30.750, 41.500
31.000, 41.750
31.000, 41.750
31.000, 42.000
31.000, 42.000
31.250, 42.250
31.250, 42.250
31.250, 42.500
31.250, 42.500
31.500, 42.750
31.500, 42.750
31.500, 42.750
31.500, 43.000
31.750, 43.000
31.750, 43.000
31.750, 43.250
31.750, 43.250
32.000, 43.250
32.000, 43.500
32.000, 43.500
32.000, 43.500
32.000, 43.750
32.250, 43.750
32.250, 43.750
32.250, 43.750
32.250, 44.000
32.500, 44.000
32.500, 44.000
32.500, 44.000
32.500, 44.250
32.500, 44.250
32.750, 44.250
32.750, 44.500
32.750, 44.500
32.750, 44.500
33.000, 44.500
33.000, 44.500
33.000, 44.750
33.000, 44.750
33.000, 44.750
33.250, 44.750
33.250, 44.750
33.250, 44.750
33.250, 44.750
33.250, 44.750
33.500, 44.750
33.500, 45.000
33.750, 45.000
33.750, 44.750
33.750, 44.750
33.750, 44.500
