1017.500, 26.750, 26.000
1018.000, 26.750, 26.000
1018.500, 26.750, 26.000
1019.000, 26.750, 26.000
1019.500, 26.750, 26.000
1020.000, 26.750, 26.000
1020.500, 26.750, 26.000
1021.000, 26.750, 26.000
1021.500, 26.750, 26.000
1022.000, 26.750, 26.000
1022.500, 26.750, 26.000
1023.000, 26.750, 26.000
1023.500, 26.500, 26.000
1024.000, 26.500, 26.000
1024.500, 26.500, 26.000
1025.000, 26.500, 26.000
1025.500, 26.500, 26.000
1026.000, 26.500, 26.000
1026.500, 26.500, 26.000
1027.000, 26.500, 26.000
1027.500, 26.500, 26.000
1028.000, 26.500, 26.000
1028.500, 26.500, 26.000
1029.000, 26.500, 26.000
1029.500, 26.500, 26.000
1030.000, 26.500, 26.000
1030.500, 26.500, 26.000
1031.000, 26.500, 26.000
1031.500, 26.500, 25.750
1032.000, 26.500, 25.750
1032.500, 26.500, 25.750
1033.000, 26.500, 25.750
1033.500, 26.500, 25.750
1034.000, 26.500, 25.750
1034.500, 26.500, 25.750
1035.000, 26.500, 25.750
1035.500, 26.500, 25.750
1036.000, 26.500, 25.750
1036.500, 26.500, 25.750
1037.000, 26.500, 25.750
1037.500, 26.500, 25.750
1038.000, 26.500, 25.750
1038.500, 26.250, 25.750
1039.000, 26.250, 25.750
1039.500, 26.250, 25.750
1040.000, 26.250, 25.750
1040.500, 26.250, 25.750
1041.000, 26.250, 25.750
1041.500, 26.250, 25.750
1042.000, 26.250, 25.750
1042.500, 26.250, 25.750
1043.000, 26.250, 25.750
1043.500, 26.250, 25.750
1044.000, 26.250, 25.750
1044.500, 26.250, 25.750
1045.000, 26.250, 25.750
1045.500, 26.250, 25.750
1046.000, 26.250, 25.750
1046.500, 26.250, 25.750
1047.000, 26.250, 25.750
1047.500, 26.250, 25.750
1048.000, 26.250, 25.750
1048.500, 26.250, 25.750
1049.000, 26.250, 25.750
1049.500, 26.250, 25.750
1050.000, 26.250, 25.500
1050.500, 26.250, 25.500
1051.000, 26.250, 25.500
1051.500, 26.250, 25.500
1052.000, 26.250, 25.500
1052.500, 26.250, 25.500
1053.000, 26.250, 25.500
1053.500, 26.250, 25.500
1054.000, 26.000, 25.500
1054.500, 26.000, 25.500
1055.000, 26.250, 25.500
1055.500, 26.000, 25.500
1056.000, 26.000, 25.500
1056.500, 26.000, 25.500
1057.000, 26.000, 25.500
1057.500, 26.000, 25.500
1058.000, 26.000, 25.500
1058.500, 26.000, 25.500
1059.000, 26.000, 25.500
1059.500, 26.000, 25.500
1060.000, 26.000, 25.500
1060.500, 26.000, 25.500
1061.000, 26.000, 25.500
1061.500, 26.000, 25.500
1062.000, 26.000, 25.500
1062.500, 26.000, 25.500
1063.000, 26.000, 25.500
1063.500, 26.000, 25.500
1064.000, 26.000, 25.500
1064.500, 26.000, 25.500
1065.000, 26.000, 25.500
1065.500, 26.000, 25.500
1066.000, 26.000, 25.500
1066.500, 26.000, 25.500
1067.000, 26.000, 25.500
1067.500, 26.000, 25.500
1068.000, 26.000, 25.500
1068.500, 26.000, 25.500
1069.000, 26.000, 25.500
1069.500, 26.000, 25.500
1070.000, 26.000, 25.500
1070.500, 26.000, 25.500
1071.000, 26.000, 25.500
1071.500, 26.000, 25.500
1072.000, 26.000, 25.500
1072.500, 26.000, 25.250
1073.000, 25.750, 25.500
1073.500, 25.750, 25.500
1074.000, 26.000, 25.250
1074.500, 25.750, 25.250
1075.000, 25.750, 25.250
1075.500, 25.750, 25.250
1076.000, 25.750, 25.250
1076.500, 25.750, 25.250
1077.000, 25.750, 25.250
1077.500, 25.750, 25.250
1078.000, 25.750, 25.250
1078.500, 25.750, 25.250
1079.000, 25.750, 25.250
1079.500, 25.750, 25.250
1080.000, 25.750, 25.250
1080.500, 25.750, 25.250
1081.000, 25.750, 25.250
1081.500, 25.750, 25.250
1082.000, 25.750, 25.250
1082.500, 25.750, 25.250
1083.000, 25.750, 25.250
1083.500, 25.750, 25.250
1084.000, 25.750, 25.250
1084.500, 25.750, 25.250
1085.000, 25.750, 25.250
1085.500, 25.750, 25.250
1086.000, 25.750, 25.250
1086.500, 25.750, 25.250
1087.000, 25.750, 25.250
1087.500, 25.750, 25.250
1088.000, 25.750, 25.250
1088.500, 25.750, 25.250
1089.000, 25.750, 25.250
1089.500, 25.750, 25.250
1090.000, 25.750, 25.250
1090.500, 25.750, 25.250
1091.000, 25.750, 25.250
1091.500, 25.750, 25.250
1092.000, 25.750, 25.250
1092.500, 25.750, 25.250
1093.000, 25.750, 25.250
1093.500, 25.750, 25.250
1094.000, 25.750, 25.250
1094.500, 25.500, 25.250
1095.000, 25.500, 25.250
1095.500, 25.500, 25.250
1096.000, 25.500, 25.250
1096.500, 25.500, 25.250
1097.000, 25.500, 25.250
1097.500, 25.500, 25.000
1098.000, 25.500, 25.000
1098.500, 25.500, 25.000
1099.000, 25.500, 25.000
1099.500, 25.500, 25.250
1100.000, 25.500, 25.000
1100.500, 25.500, 25.000
1101.000, 25.500, 25.000
1101.500, 25.500, 25.000
1102.000, 25.500, 25.000
1102.500, 25.500, 25.000
1103.000, 25.500, 25.000
1103.500, 25.500, 25.000
1104.000, 25.500, 25.000
1104.500, 25.500, 25.000
1105.000, 25.500, 25.000
1105.500, 25.500, 25.000
1106.000, 25.500, 25.000
1106.500, 25.500, 25.000
1107.000, 25.500, 25.000
1107.500, 25.500, 25.000
1108.000, 25.500, 25.000
1108.500, 25.500, 25.000
1109.000, 25.500, 25.000
1109.500, 25.500, 25.000
1110.000, 25.500, 25.000
1110.500, 25.500, 25.000
1111.000, 25.500, 25.000
1111.500, 25.500, 25.000
1112.000, 25.500, 25.000
1112.500, 25.500, 25.000
1113.000, 25.500, 25.000
1113.500, 25.500, 25.000
1114.000, 25.500, 25.000
1114.500, 25.500, 25.000
1115.000, 25.500, 25.000
1115.500, 25.500, 25.000
1116.000, 25.500, 25.000
1116.500, 25.500, 25.000
1117.000, 25.500, 25.000
1117.500, 25.500, 25.000
1118.000, 25.500, 25.000
1118.500, 25.500, 25.000
1119.000, 25.500, 25.000
1119.500, 25.500, 25.000
1120.000, 25.250, 25.000
1120.500, 25.500, 25.000
1121.000, 25.250, 25.000
1121.500, 25.250, 25.000
1122.000, 25.250, 25.000
1122.500, 25.250, 25.000
1123.000, 25.250, 25.000
1123.500, 25.250, 25.000
1124.000, 25.250, 25.000
1124.500, 25.250, 25.000
1125.000, 25.250, 25.000
1125.500, 25.250, 25.000
1126.000, 25.250, 25.000
